SOURCE_ZIP,Electric Drive System Design for Electric Vehicles-월드산업정보센터.zip
ASSET_CLASS,ENGINEERING_BOOKS_2026
SOURCE_SHA256,34c7750fb382ecfbb2c99b5bb9114c782f95c7cc1b1cf804d42210279786feef
SOURCE_SIZE_BYTES,296841
ZIP_ENTRY_COUNT,18
ZIP_TEST,PASS
ENTRY,Electric Drive System Design for Electric Vehicles-월드산업정보센터.doc
ENTRY,Functional Textiles and Clothing -월드산업정보센터.doc
ENTRY,Hydrogen Energy and Fuel Cells -월드산업정보센터.doc
ENTRY,Mechanical Components of Automobile Vehicles and Equipment for Testing -월드산업정보센터.doc
ENTRY,Principle and Control of Automotive Regenerative Braking System -월드산업정보센터.doc
ENTRY,Recent Advances in Autonomous Vehicle Technology—Perception and Path Planning -월드산업정보센터.doc
ENTRY,Recycled Polymers and their Composites-월드산업정보센터.doc
ENTRY,Sustainable Fashion Materials -월드산업정보센터.doc
ENTRY,Technical Textiles and Smart Textiles _ Materials, Technologies, and Applications -월드산업정보센터.doc
ENTRY,Textile Composites and Sustainability -월드산업정보센터.doc
ENTRY,Advances in the Textile and Clothing Research -월드산업정보센터.doc
ENTRY,Automotive Product Development-월드산업정보센터.doc
ENTRY,Autonomous Vehicle Safety Solutions -월드산업정보센터.doc
ENTRY,Circular Textile Economy -월드산업정보센터.doc
ENTRY,Decarbonization of Road Transportation -월드산업정보센터.doc
NOTE,18-entry ZIP integrity verified; source binary remains original conversation upload pending binary-safe GitHub transfer.
